variable,category,subcommunity,community,prop,min_ci,max_ci
Ancestry,EUR,C1_0,C1,0.9092150170648464,0.8934128837760182,0.9228766330786242
Ancestry,EUR-AFR,C1_0,C1,0.050511945392491465,0.04042620187912166,0.06294886592941534
Ancestry,EUR-AMR,C1_0,C1,0.024573378839590442,0.017802077934945634,0.03383153592784256
Ancestry,Others,C1_0,C1,0.012286689419795221,0.007785854310192897,0.019338649788819544
Ancestry,EUR-EAS,C1_0,C1,0.0020477815699658703,0.0006966569365621741,0.006003589025970476
Ancestry,,C1_0,C1,0.0006825938566552901,0.00012050164076947856,0.0038565099035658664
Ancestry,EAS,C1_0,C1,0.0006825938566552901,0.00012050164076947856,0.0038565099035658664
Ancestry,EUR,C1_1,C1,0.903010033444816,0.8818891675472295,0.9206936616649205
Ancestry,EUR-AFR,C1_1,C1,0.056856187290969896,0.04350631654931619,0.07398559323815364
Ancestry,EUR-AMR,C1_1,C1,0.030100334448160536,0.02076782928495897,0.04344057316892415
Ancestry,Others,C1_1,C1,0.005574136008918618,0.0023831829204899032,0.012982004477605388
Ancestry,,C1_1,C1,0.002229654403567447,0.0006116519545936653,0.008093097026803284
Ancestry,AFR,C1_1,C1,0.0011148272017837235,0.00019681642663105193,0.0062877864158664525
Ancestry,EUR-EAS,C1_1,C1,0.0011148272017837235,0.00019681642663105193,0.0062877864158664525
Ancestry,EUR,C1_2,C1,0.9168730102582243,0.9061215004696047,0.9264930831227799
Ancestry,EUR-AFR,C1_2,C1,0.048814998231340646,0.04146576823870527,0.057388791479507144
Ancestry,EUR-AMR,C1_2,C1,0.022638839759462327,0.017768833877584083,0.028804453727063233
Ancestry,Others,C1_2,C1,0.00955076052352317,0.006572142461613294,0.01386050908625148
Ancestry,EUR-EAS,C1_2,C1,0.0014149274849663955,0.0005503620546385541,0.0036327049173884214
Ancestry,EAS,C1_2,C1,0.0007074637424831977,0.00019402945795688668,0.002576030159649411
Ancestry,EUR,C1_3,C1,0.9020791415157612,0.8859437357275283,0.9161479373969018
Ancestry,EUR-AFR,C1_3,C1,0.07042253521126761,0.058509099636734285,0.0845439168166478
Ancestry,EUR-AMR,C1_3,C1,0.018108651911468814,0.012474771235482747,0.026219361975688263
Ancestry,Others,C1_3,C1,0.007377598926894702,0.004124456127270076,0.013162726675242247
Ancestry,EUR-EAS,C1_3,C1,0.002012072434607646,0.0006845045619102118,0.0058992030362727665
Ancestry,AFR,C2_0,C2,0.4838012958963283,0.4517468178463405,0.5159896224247765
Ancestry,EUR-AFR,C2_0,C2,0.4038876889848812,0.3727434170292705,0.43582612857935776
Ancestry,Others,C2_0,C2,0.10907127429805616,0.09058459509543568,0.13078816344752475
Ancestry,,C2_0,C2,0.0032397408207343412,0.0011023827860822824,0.009481785528176835
Ancestry,AFR,C2_1,C2,0.4593769089798412,0.43535864247875017,0.4835853920947271
Ancestry,EUR-AFR,C2_1,C2,0.41783750763591937,0.3941648017463168,0.44189493735342317
Ancestry,Others,C2_1,C2,0.12034208918753818,0.10546285164920381,0.13699906545479937
Ancestry,,C2_1,C2,0.002443494196701283,0.0009506094612218184,0.006266174901144421
Ancestry,AFR,C2_10,C2,0.46629213483146065,0.3944920234977268,0.5395164762075111
Ancestry,EUR-AFR,C2_10,C2,0.3539325842696629,0.287446132555521,0.4265906995005101
Ancestry,Others,C2_10,C2,0.15168539325842698,0.10638855522742538,0.21169927506003358
Ancestry,,C2_10,C2,0.028089887640449437,0.012056556667503496,0.06406243920582802
Ancestry,AFR,C2_2,C2,0.48656716417910445,0.4598819189849887,0.5133292094694363
Ancestry,EUR-AFR,C2_2,C2,0.3962686567164179,0.3704118798331623,0.4227185010093418
Ancestry,Others,C2_2,C2,0.1126865671641791,0.09685093859765134,0.13073659850493577
Ancestry,,C2_2,C2,0.004477611940298508,0.002053668660956942,0.009734625435609202
Ancestry,AFR,C2_3,C2,0.577639751552795,0.5230847250851566,0.6303640672114684
Ancestry,EUR-AFR,C2_3,C2,0.3167701863354037,0.2683706496806921,0.36949020049927256
Ancestry,Others,C2_3,C2,0.09316770186335403,0.0660409020554743,0.12988742631021008
Ancestry,,C2_3,C2,0.012422360248447204,0.004841051210117594,0.03150053316707672
Ancestry,AFR,C2_4,C2,0.48956356736242884,0.44711357125461704,0.5321646164382842
Ancestry,EUR-AFR,C2_4,C2,0.38140417457305503,0.34093261423114984,0.4235922459154551
Ancestry,Others,C2_4,C2,0.11764705882352941,0.09286625491719112,0.14796189419546318
Ancestry,,C2_4,C2,0.011385199240986717,0.00522802572742327,0.024614398076589078
Ancestry,AFR,C2_5,C2,0.4782608695652174,0.4145913117750078,0.5426446975578056
Ancestry,EUR-AFR,C2_5,C2,0.4217391304347826,0.35971535684048356,0.48633427675764457
Ancestry,Others,C2_5,C2,0.09565217391304348,0.0640167888159581,0.14057298477436975
Ancestry,,C2_5,C2,0.004347826086956522,0.0007678910476641276,0.02421312174047964
Ancestry,AFR,C2_6,C2,0.5086705202312138,0.45618804047700834,0.560962578546001
Ancestry,EUR-AFR,C2_6,C2,0.3699421965317919,0.32075871236837916,0.42198200228648164
Ancestry,Others,C2_6,C2,0.10982658959537572,0.08106703919442837,0.14715510477015445
Ancestry,,C2_6,C2,0.011560693641618497,0.004504586933130127,0.029343874770680962
Ancestry,AFR,C2_9,C2,0.4975369458128079,0.42944271787806476,0.5657226647142183
Ancestry,EUR-AFR,C2_9,C2,0.33497536945812806,0.2736449082220437,0.4024357254609292
Ancestry,Others,C2_9,C2,0.10837438423645321,0.07266455378910974,0.15863127838391541
Ancestry,,C2_9,C2,0.059113300492610835,0.03413485824824487,0.10046862577044381
Ancestry,EUR-AMR,C3_1,C3,0.538160469667319,0.4948101574810224,0.5809412969469026
Ancestry,Others,C3_1,C3,0.3972602739726027,0.3557509603855499,0.44030281615465205
Ancestry,AMR,C3_1,C3,0.046966731898238745,0.03176166348883626,0.0689326083027206
Ancestry,,C3_1,C3,0.009784735812133072,0.0041864304656242385,0.022698731883339016
Ancestry,EAS,C3_1,C3,0.005870841487279843,0.0019985469401570385,0.017117235467480573
Ancestry,EUR-EAS,C3_1,C3,0.0019569471624266144,0.00034552390392660406,0.011000878562385366
Ancestry,,C3_2,C3,0.8034682080924855,0.7379374361226136,0.8558142603108048
Ancestry,Others,C3_2,C3,0.16184971098265896,0.11441561346871812,0.22397535336261568
Ancestry,EUR-AFR,C3_2,C3,0.023121387283236993,0.009027193027358965,0.057934426862983585
Ancestry,EUR,C3_2,C3,0.011560693641618497,0.003176039095965432,0.04116646854929451
Ancestry,,C4_0,C4,0.9763113367174281,0.9606326762869116,0.9858377790410279
Ancestry,EAS,C4_0,C4,0.011844331641285956,0.005748915780679388,0.024244951494238838
Ancestry,AMR,C4_0,C4,0.01015228426395939,0.004660892658348565,0.021970734988406473
Ancestry,EUR-AMR,C4_0,C4,0.001692047377326565,0.00029874269429985487,0.009521686811639205
Ancestry,EAS,C4_15,C4,0.6744186046511628,0.5251593250655096,0.7950688481822019
Ancestry,EUR-AMR,C4_15,C4,0.16279069767441862,0.08116524502857546,0.2997269533591824
Ancestry,AMR,C4_15,C4,0.13953488372093023,0.06555634267713946,0.2726387659442569
Ancestry,EUR-EAS,C4_15,C4,0.023255813953488372,0.004116981177419918,0.12059267861216882
GENDER,MALE,C1_0,C1,0.49829351535836175,0.4727276639136071,0.5238682930636461
GENDER,FEMALE,C1_0,C1,0.46552901023890786,0.4401093835872616,0.4911289473532563
GENDER,UNKNOWN,C1_0,C1,0.023890784982935155,0.01722767408061914,0.033044322573070405
GENDER,,C1_0,C1,0.012286689419795221,0.007785854310192897,0.019338649788819544
GENDER,MALE,C1_1,C1,0.5328874024526199,0.5001661566579438,0.5653281544395898
GENDER,FEMALE,C1_1,C1,0.43478260869565216,0.4026870713885639,0.4674343794858184
GENDER,UNKNOWN,C1_1,C1,0.024526198439241916,0.016251554215359655,0.036856117544026235
GENDER,,C1_1,C1,0.007803790412486065,0.003785157532628325,0.016020322143265864
GENDER,MALE,C1_2,C1,0.511496285815352,0.4930664523531571,0.5298949171561789
GENDER,FEMALE,C1_2,C1,0.4594977007428369,0.44119401722317714,0.47791131173623885
GENDER,UNKNOWN,C1_2,C1,0.02193137601697913,0.01714597080504954,0.028014309445177094
GENDER,,C1_2,C1,0.007074637424831978,0.00458441857528017,0.010902707232112233
GENDER,MALE,C1_3,C1,0.5157612340710932,0.49038618099389125,0.5410552774188262
GENDER,FEMALE,C1_3,C1,0.4426559356136821,0.41762301262224616,0.46798359613148416
GENDER,UNKNOWN,C1_3,C1,0.02749832327297116,0.02033410547701328,0.037091109341734076
GENDER,,C1_3,C1,0.014084507042253521,0.009230360118878789,0.02143616668904521
GENDER,MALE,C2_0,C2,0.5064794816414687,0.47431719646857506,0.5385882274229781
GENDER,FEMALE,C2_0,C2,0.398488120950324,0.36743583157979187,0.4303791941192089
GENDER,,C2_0,C2,0.04967602591792657,0.03744749762607558,0.06562554191098105
GENDER,UNKNOWN,C2_0,C2,0.04535637149028078,0.033728535501073964,0.06074088810828057
GENDER,MALE,C2_1,C2,0.4777031154551008,0.45358616037207666,0.5019244751456966
GENDER,FEMALE,C2_1,C2,0.43555284056200366,0.41171189519183726,0.4596955581540554
GENDER,,C2_1,C2,0.05070250458155162,0.041086970696634306,0.062421862819044466
GENDER,UNKNOWN,C2_1,C2,0.03604153940134392,0.028043698732739118,0.04621185402750292
GENDER,MALE,C2_10,C2,0.4606741573033708,0.3890512624208091,0.5339586539019685
GENDER,FEMALE,C2_10,C2,0.4438202247191011,0.3727834655058676,0.5172307006695289
GENDER,,C2_10,C2,0.07303370786516854,0.043174612835219436,0.12093305009779477
GENDER,UNKNOWN,C2_10,C2,0.02247191011235955,0.008772632252331075,0.056347780238540104
GENDER,MALE,C2_2,C2,0.4798507462686567,0.45319673311155717,0.5066199595700803
GENDER,FEMALE,C2_2,C2,0.43582089552238806,0.40949160169896565,0.4625171231388426
GENDER,,C2_2,C2,0.06044776119402985,0.04890063606860913,0.07450795613451958
GENDER,UNKNOWN,C2_2,C2,0.023880597014925373,0.01696585675519388,0.03351747401831395
GENDER,MALE,C2_3,C2,0.5124223602484472,0.45800209282916865,0.5665497139382915
GENDER,FEMALE,C2_3,C2,0.40683229813664595,0.3545798757827725,0.4612815734612773
GENDER,,C2_3,C2,0.040372670807453416,0.02374316096389121,0.06783998864008814
GENDER,UNKNOWN,C2_3,C2,0.040372670807453416,0.02374316096389121,0.06783998864008814
GENDER,MALE,C2_4,C2,0.4952561669829222,0.45275767556770025,0.5378233188381639
GENDER,FEMALE,C2_4,C2,0.4307400379506641,0.3891136048833017,0.4733689134423156
GENDER,,C2_4,C2,0.04554079696394687,0.03079140422611022,0.0668678598556799
GENDER,UNKNOWN,C2_4,C2,0.028462998102466792,0.017323339275183307,0.046427504667717924
GENDER,MALE,C2_5,C2,0.45652173913043476,0.39338846733307586,0.5210835513325508
GENDER,FEMALE,C2_5,C2,0.4391304347826087,0.37651292037005657,0.5037479057618208
GENDER,,C2_5,C2,0.05217391304347826,0.030094015905274992,0.08896777635067946
GENDER,UNKNOWN,C2_5,C2,0.05217391304347826,0.030094015905274992,0.08896777635067946
GENDER,MALE,C2_6,C2,0.5202312138728323,0.4676564315276367,0.5723616795260514
GENDER,FEMALE,C2_6,C2,0.3959537572254335,0.34583546282839406,0.4483571088954946
GENDER,,C2_6,C2,0.06358381502890173,0.042361037567842263,0.09439113827402443
GENDER,UNKNOWN,C2_6,C2,0.02023121387283237,0.009833683317329922,0.04116539740949044
GENDER,MALE,C2_9,C2,0.47783251231527096,0.41016919319657497,0.5463192501339736
GENDER,FEMALE,C2_9,C2,0.3645320197044335,0.30140764370339745,0.43268839887217725
GENDER,,C2_9,C2,0.11822660098522167,0.0807474401792938,0.1698868616245986
GENDER,UNKNOWN,C2_9,C2,0.03940886699507389,0.020101808990676866,0.07582473576627724
GENDER,MALE,C3_1,C3,0.5185909980430529,0.47529131801768554,0.5616132367036114
GENDER,FEMALE,C3_1,C3,0.2857142857142857,0.24825742975401494,0.3263690184584062
GENDER,UNKNOWN,C3_1,C3,0.16829745596868884,0.13836006749308624,0.20318498247956554
GENDER,,C3_1,C3,0.0273972602739726,0.016388717071622982,0.04545865501330566
GENDER,,C3_2,C3,0.8092485549132948,0.7442342310831505,0.8608270214728093
GENDER,MALE,C3_2,C3,0.12138728323699421,0.08078070419338436,0.17844336978016034
GENDER,FEMALE,C3_2,C3,0.046242774566473986,0.023615152637950027,0.08858469174255772
GENDER,UNKNOWN,C3_2,C3,0.023121387283236993,0.009027193027358965,0.057934426862983585
GENDER,,C4_0,C4,0.9780033840947546,0.9627317951716179,0.9871008997844846
GENDER,FEMALE,C4_0,C4,0.011844331641285956,0.005748915780679388,0.024244951494238838
GENDER,MALE,C4_0,C4,0.008460236886632826,0.003618912988070721,0.01965047503052112
GENDER,UNKNOWN,C4_0,C4,0.001692047377326565,0.00029874269429985487,0.009521686811639205
GENDER,MALE,C4_15,C4,0.4883720930232558,0.34617209277756,0.6324793623392592
GENDER,FEMALE,C4_15,C4,0.4186046511627907,0.2838433433748524,0.5667168424428823
GENDER,UNKNOWN,C4_15,C4,0.06976744186046512,0.024011153791962503,0.18609268553034927
GENDER,,C4_15,C4,0.023255813953488372,0.004116981177419918,0.12059267861216882
RACE,White,C1_0,C1,0.837542662116041,0.817774864845838,0.8555448450534461
RACE,Caucasian,C1_0,C1,0.05255972696245734,0.0422578733823363,0.06520204605349667
RACE,Other/Unknown,C1_0,C1,0.027986348122866895,0.020696129375023853,0.03774557053325761
RACE,Multiple,C1_0,C1,0.023208191126279865,0.016654877353525943,0.03225550209106495
RACE,Black or African American,C1_0,C1,0.018430034129692834,0.012696692120739256,0.026682366860161073
RACE,,C1_0,C1,0.012969283276450512,0.008318334208417176,0.02016778709969392
RACE,White or Caucasian,C1_0,C1,0.010921501706484642,0.0067336198297304715,0.017667649851084665
RACE,Asian,C1_0,C1,0.005460750853242321,0.002769577058555122,0.010738754949470793
RACE,Hispanic,C1_0,C1,0.00477815699658703,0.002316417511540013,0.009830297287387248
RACE,Declined,C1_0,C1,0.0020477815699658703,0.0006966569365621741,0.006003589025970476
RACE,Native American,C1_0,C1,0.0020477815699658703,0.0006966569365621741,0.006003589025970476
RACE,Amer. Indian/Alaska Native,C1_0,C1,0.0013651877133105802,0.00037445574105894695,0.004964173012375051
RACE,Asian or Pacific Islander,C1_0,C1,0.0006825938566552901,0.00012050164076947856,0.0038565099035658664
RACE,White,C1_1,C1,0.8450390189520625,0.8198908874427004,0.8672443425466785
RACE,Caucasian,C1_1,C1,0.046822742474916385,0.03482478893365761,0.0626858056037172
RACE,Other/Unknown,C1_1,C1,0.03567447045707915,0.025381597153179884,0.049927535995200466
RACE,Black or African American,C1_1,C1,0.023411371237458192,0.015362588343819176,0.03552493727666726
RACE,Multiple,C1_1,C1,0.0189520624303233,0.011865811397747025,0.03014112966714163
RACE,White or Caucasian,C1_1,C1,0.012263099219620958,0.0068610355797458404,0.021825028651746133
RACE,,C1_1,C1,0.008918617614269788,0.004525940757372641,0.017499685057420993
RACE,Hispanic,C1_1,C1,0.004459308807134894,0.0017354354571155724,0.011409605802080273
RACE,Native American,C1_1,C1,0.0011148272017837235,0.00019681642663105193,0.0062877864158664525
RACE,Asian,C1_1,C1,0.0011148272017837235,0.00019681642663105193,0.0062877864158664525
RACE,Amer. Indian/Alaska Native,C1_1,C1,0.0011148272017837235,0.00019681642663105193,0.0062877864158664525
RACE,Pacific Islander,C1_1,C1,0.0011148272017837235,0.00019681642663105193,0.0062877864158664525
RACE,White,C1_2,C1,0.8570923240183941,0.8437060461176049,0.8695094160262324
RACE,Caucasian,C1_2,C1,0.04740007074637425,0.04016235317007836,0.05586619183929269
RACE,Other/Unknown,C1_2,C1,0.027591085956844712,0.02216418360754338,0.03430015547804868
RACE,Multiple,C1_2,C1,0.019808984789529537,0.015286272493471212,0.025634985693493394
RACE,Black or African American,C1_2,C1,0.01804032543332154,0.013747878069985682,0.023640861730927228
RACE,White or Caucasian,C1_2,C1,0.013795542978422356,0.010108125143497624,0.018802570530891217
RACE,,C1_2,C1,0.008489564909798374,0.00571159232327177,0.012601548192961989
RACE,Asian,C1_2,C1,0.0021223912274495934,0.0009730493970277539,0.0046230249294199
RACE,Native American,C1_2,C1,0.0017686593562079944,0.0007556836591653291,0.004133886990071985
RACE,Hispanic,C1_2,C1,0.0014149274849663955,0.0005503620546385541,0.0036327049173884214
RACE,Declined,C1_2,C1,0.0007074637424831977,0.00019402945795688668,0.002576030159649411
RACE,Amer. Indian/Alaska Native,C1_2,C1,0.0007074637424831977,0.00019402945795688668,0.002576030159649411
RACE,East Indian,C1_2,C1,0.0007074637424831977,0.00019402945795688668,0.002576030159649411
RACE,Middle Eastern,C1_2,C1,0.00035373187124159886,6.24434841218261e-05,0.0020011124562741324
RACE,White,C1_3,C1,0.8430583501006036,0.8237158506425235,0.8606375952342837
RACE,Caucasian,C1_3,C1,0.05432595573440644,0.04392401295584471,0.06701857788454936
RACE,Other/Unknown,C1_3,C1,0.02682763246143528,0.01976272787572822,0.03632455254247797
RACE,Multiple,C1_3,C1,0.02481556002682763,0.018056618563603445,0.03401685865297924
RACE,Black or African American,C1_3,C1,0.018108651911468814,0.012474771235482747,0.026219361975688263
RACE,,C1_3,C1,0.014755197853789403,0.009764039395083786,0.02224042181338138
RACE,White or Caucasian,C1_3,C1,0.01341381623071764,0.008699941974317331,0.0206286504330655
RACE,Asian,C1_3,C1,0.0026827632461435278,0.001043736749988782,0.006877905248735363
RACE,Declined,C1_3,C1,0.0006706908115358819,0.00011840016367674301,0.003789438633423899
RACE,Native American,C1_3,C1,0.0006706908115358819,0.00011840016367674301,0.003789438633423899
RACE,Hispanic,C1_3,C1,0.0006706908115358819,0.00011840016367674301,0.003789438633423899
RACE,Black or African American,C2_0,C2,0.9211663066954644,0.9020179538682706,0.9368345990826837
RACE,,C2_0,C2,0.05075593952483801,0.03838181047058167,0.06684213304840048
RACE,Multiple,C2_0,C2,0.012958963282937365,0.007428309102804482,0.022513995048784347
RACE,Other/Unknown,C2_0,C2,0.01079913606911447,0.005876240797913649,0.01976425538982413
RACE,White,C2_0,C2,0.0021598272138228943,0.0005924900786832333,0.00784077425365036
RACE,White or Caucasian,C2_0,C2,0.0010799136069114472,0.0001906518065090037,0.006091708543899064
RACE,Hispanic,C2_0,C2,0.0010799136069114472,0.0001906518065090037,0.006091708543899064
RACE,Black or African American,C2_1,C2,0.9138668295662797,0.899288032926387,0.9265077050656285
RACE,,C2_1,C2,0.05192425167990226,0.04218649473034274,0.0637601121816224
RACE,Other/Unknown,C2_1,C2,0.012217470983506415,0.007922691557120984,0.0187962799755364
RACE,White,C2_1,C2,0.010384850335980453,0.006493802569273193,0.016568508868954605
RACE,Multiple,C2_1,C2,0.00916310323762981,0.0055607421626415535,0.01506379587929985
RACE,Caucasian,C2_1,C2,0.0012217470983506415,0.00033510406978028194,0.004443906896299563
RACE,Native Hawaiian/Other Pacific Islander,C2_1,C2,0.0006108735491753207,0.00010783954737310559,0.0034522847205635428
RACE,Amer. Indian/Alaska Native,C2_1,C2,0.0006108735491753207,0.00010783954737310559,0.0034522847205635428
RACE,Black or African American,C2_10,C2,0.898876404494382,0.845825508703941,0.9350739114507429
RACE,,C2_10,C2,0.07303370786516854,0.043174612835219436,0.12093305009779477
RACE,White,C2_10,C2,0.016853932584269662,0.005748030604952471,0.04837379850345837
RACE,Other/Unknown,C2_10,C2,0.011235955056179775,0.0030866670600996488,0.04003657866585085
RACE,Black or African American,C2_2,C2,0.9037313432835821,0.8867645805018979,0.9183898365067734
RACE,,C2_2,C2,0.06119402985074627,0.04957201162632116,0.07532485121822838
RACE,Other/Unknown,C2_2,C2,0.012686567164179104,0.00793575637616269,0.02022351477603263
RACE,Multiple,C2_2,C2,0.012686567164179104,0.00793575637616269,0.02022351477603263
RACE,White,C2_2,C2,0.009701492537313432,0.005678262452836519,0.016527926133675465
RACE,Black or African American,C2_3,C2,0.9285714285714286,0.8951020264080265,0.9519353070693441
RACE,,C2_3,C2,0.040372670807453416,0.02374316096389121,0.06783998864008814
RACE,Multiple,C2_3,C2,0.012422360248447204,0.004841051210117594,0.03150053316707672
RACE,Other/Unknown,C2_3,C2,0.009316770186335404,0.003173445588212434,0.027030187097116878
RACE,White,C2_3,C2,0.006211180124223602,0.0017049497697811389,0.022360731223683164
RACE,White or Caucasian,C2_3,C2,0.003105590062111801,0.0005484093101857882,0.01737931999141351
RACE,Black or African American,C2_4,C2,0.9184060721062619,0.8918947791512394,0.9388615142515385
RACE,,C2_4,C2,0.04554079696394687,0.03079140422611022,0.0668678598556799
RACE,Multiple,C2_4,C2,0.015180265654648957,0.007711612194164353,0.029666016085156635
RACE,Other/Unknown,C2_4,C2,0.013282732447817837,0.006448648846741617,0.02716137719492505
RACE,White,C2_4,C2,0.003795066413662239,0.001041339981112185,0.013730674872282876
RACE,Hispanic,C2_4,C2,0.0018975332068311196,0.00033503115346266137,0.010669381462278079
RACE,Caucasian,C2_4,C2,0.0018975332068311196,0.00033503115346266137,0.010669381462278079
RACE,Black or African American,C2_5,C2,0.9130434782608695,0.8695106200305235,0.9430052026460233
RACE,,C2_5,C2,0.05217391304347826,0.030094015905274992,0.08896777635067946
RACE,Multiple,C2_5,C2,0.013043478260869565,0.0044456146083413535,0.03764099444667708
RACE,Other/Unknown,C2_5,C2,0.013043478260869565,0.0044456146083413535,0.03764099444667708
RACE,White,C2_5,C2,0.008695652173913044,0.0023878595588878726,0.031145951362693235
RACE,Black or African American,C2_6,C2,0.8988439306358381,0.8625642357052905,0.9263642393531357
RACE,,C2_6,C2,0.06358381502890173,0.042361037567842263,0.09439113827402443
RACE,Multiple,C2_6,C2,0.017341040462427744,0.007971066179106003,0.0373111415400446
RACE,Other/Unknown,C2_6,C2,0.011560693641618497,0.004504586933130127,0.029343874770680962
RACE,White,C2_6,C2,0.008670520231213872,0.0029530009983410373,0.025178587697800292
RACE,Black or African American,C2_9,C2,0.8571428571428571,0.8023620520518768,0.8986574720670624
RACE,,C2_9,C2,0.11822660098522167,0.0807474401792938,0.1698868616245986
RACE,White,C2_9,C2,0.009852216748768473,0.0027059476770762148,0.03520518818727602
RACE,Multiple,C2_9,C2,0.009852216748768473,0.0027059476770762148,0.03520518818727602
RACE,Other/Unknown,C2_9,C2,0.0049261083743842365,0.0008700866124296495,0.027371814436488943
RACE,Hispanic,C3_1,C3,0.48336594911937375,0.44032319449512797,0.5266569407542382
RACE,Other/Unknown,C3_1,C3,0.3131115459882583,0.2744217009892825,0.3545904068124181
RACE,White,C3_1,C3,0.07632093933463796,0.056330300990797416,0.10263432036070178
RACE,Native American,C3_1,C3,0.03131115459882583,0.01936331159915363,0.05025344042710065
RACE,,C3_1,C3,0.0273972602739726,0.016388717071622982,0.04545865501330566
RACE,Multiple,C3_1,C3,0.021526418786692758,0.012061588817774234,0.03813171335516594
RACE,Caucasian,C3_1,C3,0.019569471624266144,0.010663700019949464,0.0356449121823279
RACE,Black or African American,C3_1,C3,0.011741682974559686,0.005392050764163582,0.025377801555462494
RACE,Asian,C3_1,C3,0.007827788649706457,0.0030481140718193033,0.01995235830648113
RACE,Native Hawaiian/Other Pacific Islander,C3_1,C3,0.005870841487279843,0.0019985469401570385,0.017117235467480573
RACE,Amer. Indian/Alaska Native,C3_1,C3,0.0019569471624266144,0.00034552390392660406,0.011000878562385366
RACE,,C3_2,C3,0.8092485549132948,0.7442342310831505,0.8608270214728093
RACE,Other/Unknown,C3_2,C3,0.06358381502890173,0.03587138643311278,0.11025712631501888
RACE,White,C3_2,C3,0.04046242774566474,0.019735695662096785,0.08115459259586966
RACE,Black or African American,C3_2,C3,0.04046242774566474,0.019735695662096785,0.08115459259586966
RACE,Hispanic,C3_2,C3,0.03468208092485549,0.015990017623966596,0.07359071451145854
RACE,Multiple,C3_2,C3,0.011560693641618497,0.003176039095965432,0.04116646854929451
RACE,,C4_0,C4,0.9780033840947546,0.9627317951716179,0.9871008997844846
RACE,Asian,C4_0,C4,0.011844331641285956,0.005748915780679388,0.024244951494238838
RACE,Other/Unknown,C4_0,C4,0.005076142131979695,0.0017277853951239118,0.014817123367141534
RACE,White,C4_0,C4,0.00338409475465313,0.0009285124892131598,0.012254156644889092
RACE,Multiple,C4_0,C4,0.001692047377326565,0.00029874269429985487,0.009521686811639205
RACE,Asian,C4_15,C4,0.6976744186046512,0.5489435424759017,0.8139817205381712
RACE,Other/Unknown,C4_15,C4,0.13953488372093023,0.06555634267713946,0.2726387659442569
RACE,White,C4_15,C4,0.06976744186046512,0.024011153791962503,0.18609268553034927
RACE,Middle Eastern,C4_15,C4,0.023255813953488372,0.004116981177419918,0.12059267861216882
RACE,Pacific Islander,C4_15,C4,0.023255813953488372,0.004116981177419918,0.12059267861216882
RACE,Native Hawaiian/Other Pacific Islander,C4_15,C4,0.023255813953488372,0.004116981177419918,0.12059267861216882
RACE,,C4_15,C4,0.023255813953488372,0.004116981177419918,0.12059267861216882
ETHNICITY,Not Hispanic or Latino,C1_0,C1,0.9645051194539249,0.953750134638876,0.9728303761527574
ETHNICITY,,C1_0,C1,0.015017064846416382,0.009937680837848897,0.022633292097558155
ETHNICITY,Hispanic or Latino,C1_0,C1,0.014334470989761093,0.009394499428400357,0.021814856297908046
ETHNICITY,Other/Unknown,C1_0,C1,0.0061433447098976105,0.003235347246870776,0.011634601970253792
ETHNICITY,Not Hispanic or Latino,C1_1,C1,0.9632107023411371,0.9487847939546323,0.973685926758088
ETHNICITY,Hispanic or Latino,C1_1,C1,0.013377926421404682,0.007668970697730353,0.023237239672661066
ETHNICITY,,C1_1,C1,0.012263099219620958,0.0068610355797458404,0.021825028651746133
ETHNICITY,Other/Unknown,C1_1,C1,0.008918617614269788,0.004525940757372641,0.017499685057420993
ETHNICITY,Hispanic,C1_1,C1,0.002229654403567447,0.0006116519545936653,0.008093097026803284
ETHNICITY,Not Hispanic or Latino,C1_2,C1,0.9713477184294305,0.9645292634948929,0.9768868863878838
ETHNICITY,Hispanic or Latino,C1_2,C1,0.010611956137247965,0.007443429629005052,0.015108732950490738
ETHNICITY,,C1_2,C1,0.009904492394764769,0.0068614612796522095,0.014277693945422904
ETHNICITY,Other/Unknown,C1_2,C1,0.007428369296073576,0.004863763300404871,0.01132986618419787
ETHNICITY,Hispanic,C1_2,C1,0.0007074637424831977,0.00019402945795688668,0.002576030159649411
ETHNICITY,Not Hispanic or Latino,C1_3,C1,0.9631120053655265,0.9522928251402131,0.9715508784334633
ETHNICITY,,C1_3,C1,0.01609657947686117,0.010840371666895221,0.023839958342652283
ETHNICITY,Other/Unknown,C1_3,C1,0.012072434607645875,0.007649849769358395,0.019002873836942102
ETHNICITY,Hispanic or Latino,C1_3,C1,0.008718980549966466,0.0051024273982473315,0.014860624205347329
ETHNICITY,Not Hispanic or Latino,C2_0,C2,0.9406047516198704,0.9234831842882057,0.954085640337408
ETHNICITY,,C2_0,C2,0.05183585313174946,0.03931784340937504,0.06805700409153263
ETHNICITY,Hispanic or Latino,C2_0,C2,0.005399568034557235,0.002308478281960899,0.01257749799614926
ETHNICITY,Multiple,C2_0,C2,0.0010799136069114472,0.0001906518065090037,0.006091708543899064
ETHNICITY,Other/Unknown,C2_0,C2,0.0010799136069114472,0.0001906518065090037,0.006091708543899064
ETHNICITY,Not Hispanic or Latino,C2_1,C2,0.9376908979841173,0.9249255965087158,0.9484067227108848
ETHNICITY,,C2_1,C2,0.0531459987782529,0.04328764493248397,0.06509673537576757
ETHNICITY,Other/Unknown,C2_1,C2,0.004886988393402566,0.0024783402449479034,0.009613990909991123
ETHNICITY,Hispanic or Latino,C2_1,C2,0.004276114844227245,0.0020728553572224827,0.008800589099573345
ETHNICITY,Not Hispanic or Latino,C2_10,C2,0.9044943820224719,0.8523831325703913,0.939514870966753
ETHNICITY,,C2_10,C2,0.07865168539325842,0.04742645453333765,0.1276797917821369
ETHNICITY,Hispanic or Latino,C2_10,C2,0.016853932584269662,0.005748030604952471,0.04837379850345837
ETHNICITY,Not Hispanic or Latino,C2_2,C2,0.935820895522388,0.9214127956058161,0.9477372589839509
ETHNICITY,,C2_2,C2,0.06119402985074627,0.04957201162632116,0.07532485121822838
ETHNICITY,Other/Unknown,C2_2,C2,0.0014925373134328358,0.00040939446299304277,0.005425817067889764
ETHNICITY,Hispanic or Latino,C2_2,C2,0.0007462686567164179,0.0001317435021852137,0.004215197387276759
ETHNICITY,Multiple,C2_2,C2,0.0007462686567164179,0.0001317435021852137,0.004215197387276759
ETHNICITY,Not Hispanic or Latino,C2_3,C2,0.9440993788819876,0.9133757409656442,0.9643513509710513
ETHNICITY,,C2_3,C2,0.040372670807453416,0.02374316096389121,0.06783998864008814
ETHNICITY,Other/Unknown,C2_3,C2,0.006211180124223602,0.0017049497697811389,0.022360731223683164
ETHNICITY,Hispanic or Latino,C2_3,C2,0.006211180124223602,0.0017049497697811389,0.022360731223683164
ETHNICITY,Multiple,C2_3,C2,0.003105590062111801,0.0005484093101857882,0.01737931999141351
ETHNICITY,Not Hispanic or Latino,C2_4,C2,0.9487666034155597,0.9264843142727927,0.9645536149324542
ETHNICITY,,C2_4,C2,0.04554079696394687,0.03079140422611022,0.0668678598556799
ETHNICITY,Hispanic or Latino,C2_4,C2,0.003795066413662239,0.001041339981112185,0.013730674872282876
ETHNICITY,Other/Unknown,C2_4,C2,0.0018975332068311196,0.00033503115346266137,0.010669381462278079
ETHNICITY,Not Hispanic or Latino,C2_5,C2,0.9347826086956522,0.8951968914476299,0.9600829218961037
ETHNICITY,,C2_5,C2,0.05652173913043478,0.03332537829309885,0.09428921209629294
ETHNICITY,Other/Unknown,C2_5,C2,0.004347826086956522,0.0007678910476641276,0.02421312174047964
ETHNICITY,Hispanic or Latino,C2_5,C2,0.004347826086956522,0.0007678910476641276,0.02421312174047964
ETHNICITY,Not Hispanic or Latino,C2_6,C2,0.9248554913294798,0.8921737669352682,0.9482065651921859
ETHNICITY,,C2_6,C2,0.06358381502890173,0.042361037567842263,0.09439113827402443
ETHNICITY,Hispanic or Latino,C2_6,C2,0.008670520231213872,0.0029530009983410373,0.025178587697800292
ETHNICITY,Other/Unknown,C2_6,C2,0.002890173410404624,0.0005103557592828819,0.01618748692151894
ETHNICITY,Not Hispanic or Latino,C2_9,C2,0.8768472906403941,0.8245207898675716,0.9151756735131024
ETHNICITY,,C2_9,C2,0.11822660098522167,0.0807474401792938,0.1698868616245986
ETHNICITY,Hispanic or Latino,C2_9,C2,0.0049261083743842365,0.0008700866124296495,0.027371814436488943
ETHNICITY,Hispanic or Latino,C3_1,C3,0.4774951076320939,0.4345158753132412,0.5208101900241364
ETHNICITY,Hispanic,C3_1,C3,0.3111545988258317,0.27254734032750727,0.3525800775035305
ETHNICITY,Not Hispanic or Latino,C3_1,C3,0.18003913894324852,0.14915144491019655,0.21570174488643218
ETHNICITY,,C3_1,C3,0.029354207436399216,0.017868163468272098,0.047863898587319376
ETHNICITY,Other/Unknown,C3_1,C3,0.0019569471624266144,0.00034552390392660406,0.011000878562385366
ETHNICITY,,C3_2,C3,0.815028901734104,0.7505504944467488,0.8658203142317521
ETHNICITY,Not Hispanic or Latino,C3_2,C3,0.12716763005780346,0.08549928232801371,0.1850343477680723
ETHNICITY,Hispanic,C3_2,C3,0.028901734104046242,0.012406768562089943,0.0658644074507939
ETHNICITY,Hispanic or Latino,C3_2,C3,0.028901734104046242,0.012406768562089943,0.0658644074507939
ETHNICITY,,C4_0,C4,0.9780033840947546,0.9627317951716179,0.9871008997844846
ETHNICITY,Not Hispanic or Latino,C4_0,C4,0.021996615905245348,0.01289910021551542,0.03726820482838198
ETHNICITY,Not Hispanic or Latino,C4_15,C4,0.9302325581395349,0.8139073144696507,0.9759888462080375
ETHNICITY,Other/Unknown,C4_15,C4,0.023255813953488372,0.004116981177419918,0.12059267861216882
ETHNICITY,Hispanic or Latino,C4_15,C4,0.023255813953488372,0.004116981177419918,0.12059267861216882
ETHNICITY,,C4_15,C4,0.023255813953488372,0.004116981177419918,0.12059267861216882
A19_SES_RISK,Medium-High,C1_0,C1,0.2962457337883959,0.27342156894699327,0.3201356941370587
A19_SES_RISK,Low-Medium,C1_0,C1,0.23139931740614333,0.21052286623708646,0.2536807619825936
A19_SES_RISK,High,C1_0,C1,0.18430034129692832,0.16528002029444064,0.20497202049743232
A19_SES_RISK,Low,C1_0,C1,0.15631399317406144,0.13861915916447443,0.1758065760543538
A19_SES_RISK,,C1_0,C1,0.13174061433447098,0.1153806636791206,0.1500268520121561
A19_SES_RISK,Medium-High,C1_1,C1,0.3110367892976589,0.2816020431415789,0.3420831863149649
A19_SES_RISK,High,C1_1,C1,0.20624303232998886,0.1810440914289327,0.233947400971063
A19_SES_RISK,Low-Medium,C1_1,C1,0.20178372352285395,0.17681653683835824,0.22929437100603967
A19_SES_RISK,Low,C1_1,C1,0.15719063545150502,0.13483867422300816,0.18246638806541188
A19_SES_RISK,,C1_1,C1,0.12374581939799331,0.10378691103340379,0.14691376708803286
A19_SES_RISK,Medium-High,C1_2,C1,0.3063318004952246,0.28961131257095235,0.3235779241563869
A19_SES_RISK,Low-Medium,C1_2,C1,0.23700035373187125,0.2216880285662381,0.2530264874278747
A19_SES_RISK,High,C1_2,C1,0.17898832684824903,0.16529559327140989,0.19355231966020728
A19_SES_RISK,Low,C1_2,C1,0.1616554651574107,0.14854543877253276,0.17568379397577785
A19_SES_RISK,,C1_2,C1,0.11602405376724442,0.10473605830278611,0.12835420008539072
A19_SES_RISK,Medium-High,C1_3,C1,0.323943661971831,0.30066797309079457,0.348124246767149
A19_SES_RISK,Low-Medium,C1_3,C1,0.2260228034875922,0.20551214392525063,0.24794165345368235
A19_SES_RISK,High,C1_3,C1,0.18712273641851107,0.16813920217878597,0.2077143999687593
A19_SES_RISK,Low,C1_3,C1,0.1374916163648558,0.12094104075237291,0.15590541575512593
A19_SES_RISK,,C1_3,C1,0.12541918175720992,0.10956464128842382,0.14319899600933403
A19_SES_RISK,High,C2_0,C2,0.5291576673866091,0.49695346698589105,0.5611209405260982
A19_SES_RISK,,C2_0,C2,0.18898488120950324,0.16507304639825884,0.2154666068071903
A19_SES_RISK,Medium-High,C2_0,C2,0.15226781857451405,0.13056656899334063,0.17684234882664074
A19_SES_RISK,Low-Medium,C2_0,C2,0.09611231101511879,0.07876244992085432,0.11679946083899981
A19_SES_RISK,Low,C2_0,C2,0.03347732181425486,0.023683187815666324,0.04712629199250745
A19_SES_RISK,High,C2_1,C2,0.5558949297495418,0.5317221879326764,0.5798059449474259
A19_SES_RISK,Medium-High,C2_1,C2,0.1624923640806353,0.14541525755774215,0.18114984171814158
A19_SES_RISK,,C2_1,C2,0.15271838729383017,0.13610714420410613,0.17095576790148642
A19_SES_RISK,Low-Medium,C2_1,C2,0.0946854001221747,0.08143604421677725,0.10983263156521167
A19_SES_RISK,Low,C2_1,C2,0.03420891875381796,0.026437131586926715,0.04416176107888574
A19_SES_RISK,High,C2_10,C2,0.5786516853932584,0.505201554753016,0.6487786126014288
A19_SES_RISK,Medium-High,C2_10,C2,0.15730337078651685,0.1111309652006098,0.2179554484693095
A19_SES_RISK,,C2_10,C2,0.15730337078651685,0.1111309652006098,0.2179554484693095
A19_SES_RISK,Low-Medium,C2_10,C2,0.0898876404494382,0.056085894482741976,0.14101751859765324
A19_SES_RISK,Low,C2_10,C2,0.016853932584269662,0.005748030604952471,0.04837379850345837
A19_SES_RISK,High,C2_2,C2,0.6052238805970149,0.5787867709944919,0.6310593894458457
A19_SES_RISK,,C2_2,C2,0.15671641791044777,0.13823613548998498,0.17715936945643135
A19_SES_RISK,Medium-High,C2_2,C2,0.12611940298507462,0.10940602741588244,0.1449703812322797
A19_SES_RISK,Low-Medium,C2_2,C2,0.07686567164179105,0.06378168113015402,0.09236886518423305
A19_SES_RISK,Low,C2_2,C2,0.03507462686567164,0.026478152663817374,0.04632923773100298
A19_SES_RISK,High,C2_3,C2,0.5807453416149069,0.5262071467459138,0.6333795972425763
A19_SES_RISK,,C2_3,C2,0.16770186335403728,0.13086493432718485,0.2123742346432597
A19_SES_RISK,Medium-High,C2_3,C2,0.16149068322981366,0.12532695098870453,0.20563631459800993
A19_SES_RISK,Low-Medium,C2_3,C2,0.059006211180124224,0.03809694226911976,0.0903139174860496
A19_SES_RISK,Low,C2_3,C2,0.031055900621118012,0.016954610925803745,0.056214683602580584
A19_SES_RISK,High,C2_4,C2,0.5597722960151803,0.5171078213292014,0.6015716491569097
A19_SES_RISK,,C2_4,C2,0.15749525616698293,0.12888692881479213,0.19106086728860294
A19_SES_RISK,Medium-High,C2_4,C2,0.13282732447817835,0.1064909170007908,0.16447805001309804
A19_SES_RISK,Low-Medium,C2_4,C2,0.1157495256166983,0.09117279760947249,0.1458877492655275
A19_SES_RISK,Low,C2_4,C2,0.03415559772296015,0.021712266797637415,0.053341383858226794
A19_SES_RISK,High,C2_5,C2,0.5478260869565217,0.48324310013542876,0.6108376793323819
A19_SES_RISK,,C2_5,C2,0.16521739130434782,0.12280028125384804,0.21863426247147713
A19_SES_RISK,Medium-High,C2_5,C2,0.15217391304347827,0.11149657942360294,0.20427956990141025
A19_SES_RISK,Low-Medium,C2_5,C2,0.08260869565217391,0.05352097671669924,0.12541040247331658
A19_SES_RISK,Low,C2_5,C2,0.05217391304347826,0.030094015905274992,0.08896777635067946
A19_SES_RISK,High,C2_6,C2,0.6502890173410405,0.598639286908299,0.6986381094905283
A19_SES_RISK,,C2_6,C2,0.14450867052023122,0.11136138802688889,0.18546323202973103
A19_SES_RISK,Medium-High,C2_6,C2,0.13005780346820808,0.09863886743889705,0.16960138757937404
A19_SES_RISK,Low-Medium,C2_6,C2,0.05491329479768786,0.03543326034012147,0.08416829647873597
A19_SES_RISK,Low,C2_6,C2,0.02023121387283237,0.009833683317329922,0.04116539740949044
A19_SES_RISK,High,C2_9,C2,0.5221674876847291,0.45368074986602636,0.5898308068034251
A19_SES_RISK,,C2_9,C2,0.24630541871921183,0.1921103855057392,0.309924021499428
A19_SES_RISK,Medium-High,C2_9,C2,0.12315270935960591,0.0848243264868977,0.1754792101324284
A19_SES_RISK,Low-Medium,C2_9,C2,0.07881773399014778,0.049094654612892585,0.12418576866753067
A19_SES_RISK,Low,C2_9,C2,0.029556650246305417,0.0136148410989714,0.06297323402711541
A19_SES_RISK,,C3_1,C3,0.4227005870841487,0.380602139193877,0.4659526069649417
A19_SES_RISK,High,C3_1,C3,0.3013698630136986,0.26318800897159494,0.3425159590061287
A19_SES_RISK,Medium-High,C3_1,C3,0.12720156555772993,0.10106707096628709,0.15889948962244543
A19_SES_RISK,Low-Medium,C3_1,C3,0.0958904109589041,0.07329348258800361,0.12451803847012377
A19_SES_RISK,Low,C3_1,C3,0.05283757338551859,0.03656396975851002,0.0757843719450353
A19_SES_RISK,,C3_2,C3,0.8554913294797688,0.795374086684112,0.9001636148521782
A19_SES_RISK,High,C3_2,C3,0.06358381502890173,0.03587138643311278,0.11025712631501888
A19_SES_RISK,Low,C3_2,C3,0.04046242774566474,0.019735695662096785,0.08115459259586966
A19_SES_RISK,Low-Medium,C3_2,C3,0.023121387283236993,0.009027193027358965,0.057934426862983585
A19_SES_RISK,Medium-High,C3_2,C3,0.017341040462427744,0.0059146456907766265,0.04973741807702461
A19_SES_RISK,,C4_0,C4,0.9796954314720813,0.9648473359090868,0.9883475986751791
A19_SES_RISK,Low,C4_0,C4,0.01015228426395939,0.004660892658348565,0.021970734988406473
A19_SES_RISK,Low-Medium,C4_0,C4,0.005076142131979695,0.0017277853951239118,0.014817123367141534
A19_SES_RISK,High,C4_0,C4,0.00338409475465313,0.0009285124892131598,0.012254156644889092
A19_SES_RISK,Medium-High,C4_0,C4,0.001692047377326565,0.00029874269429985487,0.009521686811639205
A19_SES_RISK,,C4_15,C4,0.27906976744186046,0.16746451821827157,0.42691312900129397
A19_SES_RISK,Low,C4_15,C4,0.2558139534883721,0.14929365877065542,0.40238689868254857
A19_SES_RISK,Low-Medium,C4_15,C4,0.20930232558139536,0.11422705997811457,0.35205931794236645
A19_SES_RISK,High,C4_15,C4,0.13953488372093023,0.06555634267713946,0.2726387659442569
A19_SES_RISK,Medium-High,C4_15,C4,0.11627906976744186,0.050703529948620846,0.24479448890641395
A9_SVI,Medium-High,C1_0,C1,0.2784982935153584,0.25614585950446395,0.3020093561430231
A9_SVI,Low-Medium,C1_0,C1,0.2402730375426621,0.21909184800131082,0.2628128039366517
A9_SVI,Low,C1_0,C1,0.19180887372013652,0.17246340139591787,0.2127664286960403
A9_SVI,High,C1_0,C1,0.157679180887372,0.13991519817953776,0.17723377145748778
A9_SVI,,C1_0,C1,0.13174061433447098,0.1153806636791206,0.1500268520121561
A9_SVI,Medium-High,C1_1,C1,0.2842809364548495,0.2557302797555856,0.31467144236737143
A9_SVI,Low,C1_1,C1,0.2084726867335563,0.18315970010217372,0.23627208457562085
A9_SVI,Low-Medium,C1_1,C1,0.20512820512820512,0.1799867421894722,0.23278460407162405
A9_SVI,High,C1_1,C1,0.17837235228539577,0.15470671819911463,0.20478112072839494
A9_SVI,,C1_1,C1,0.12374581939799331,0.10378691103340379,0.14691376708803286
A9_SVI,Medium-High,C1_2,C1,0.2741422002122391,0.25801302632836154,0.2908843757728369
A9_SVI,Low-Medium,C1_2,C1,0.24053767244428723,0.2251408292604546,0.2566387235057616
A9_SVI,Low,C1_2,C1,0.20940926777502653,0.1948094474967845,0.22479778167492184
A9_SVI,High,C1_2,C1,0.15988680580120268,0.14683923502760068,0.1738574793346582
A9_SVI,,C1_2,C1,0.11602405376724442,0.10473605830278611,0.12835420008539072
A9_SVI,Medium-High,C1_3,C1,0.2863849765258216,0.26400995954292145,0.3098579338847168
A9_SVI,Low-Medium,C1_3,C1,0.2307176391683434,0.21004138527824165,0.2527779529044796
A9_SVI,Low,C1_3,C1,0.1790744466800805,0.16044479662780758,0.1993535927132437
A9_SVI,High,C1_3,C1,0.1784037558685446,0.15980423994176846,0.19865621499874164
A9_SVI,,C1_3,C1,0.12541918175720992,0.10956464128842382,0.14319899600933403
A9_SVI,High,C2_0,C2,0.46220302375809935,0.43031255442104166,0.49440580621156494
A9_SVI,,C2_0,C2,0.18898488120950324,0.16507304639825884,0.2154666068071903
A9_SVI,Medium-High,C2_0,C2,0.18682505399568033,0.16303245313361406,0.21320539210798403
A9_SVI,Low-Medium,C2_0,C2,0.11987041036717062,0.10050429824231077,0.14237750011990488
A9_SVI,Low,C2_0,C2,0.042116630669546434,0.030960243896521054,0.057056467767056904
A9_SVI,High,C2_1,C2,0.49419670128283444,0.4700187456904775,0.518401830677162
A9_SVI,Medium-High,C2_1,C2,0.20464263897373244,0.18580090148791445,0.2248673799598499
A9_SVI,,C2_1,C2,0.15271838729383017,0.13610714420410613,0.17095576790148642
A9_SVI,Low-Medium,C2_1,C2,0.10507025045815516,0.0911287168492377,0.12086103280118554
A9_SVI,Low,C2_1,C2,0.04337202199144777,0.03452732078869832,0.05435487234926208
A9_SVI,High,C2_10,C2,0.5449438202247191,0.47160823192241363,0.6163804351372691
A9_SVI,Medium-High,C2_10,C2,0.1853932584269663,0.1351653296223386,0.24891400095988245
A9_SVI,,C2_10,C2,0.15730337078651685,0.1111309652006098,0.2179554484693095
A9_SVI,Low-Medium,C2_10,C2,0.08426966292134831,0.05173171722256876,0.13437311247536615
A9_SVI,Low,C2_10,C2,0.028089887640449437,0.012056556667503496,0.06406243920582802
A9_SVI,High,C2_2,C2,0.5440298507462686,0.5172742729400519,0.5705336949037774
A9_SVI,Medium-High,C2_2,C2,0.16417910447761194,0.14530981671862592,0.18496839464199877
A9_SVI,,C2_2,C2,0.15671641791044777,0.13823613548998498,0.17715936945643135
A9_SVI,Low-Medium,C2_2,C2,0.0962686567164179,0.08161016349322665,0.11323541949810208
A9_SVI,Low,C2_2,C2,0.03880597014925373,0.029714435479726777,0.050534308122197745
A9_SVI,High,C2_3,C2,0.5186335403726708,0.46416075240661414,0.5726669577445759
A9_SVI,Medium-High,C2_3,C2,0.20496894409937888,0.16447773820063963,0.2524168510721849
A9_SVI,,C2_3,C2,0.16770186335403728,0.13086493432718485,0.2123742346432597
A9_SVI,Low-Medium,C2_3,C2,0.08074534161490683,0.05569601249232445,0.11568050910589994
A9_SVI,Low,C2_3,C2,0.027950310559006212,0.014772918720493314,0.05225842411602602
A9_SVI,High,C2_4,C2,0.4990512333965844,0.4565234532402132,0.5415927456409595
A9_SVI,Medium-High,C2_4,C2,0.21821631878557876,0.18505974626810834,0.25545132144022503
A9_SVI,,C2_4,C2,0.15749525616698293,0.12888692881479213,0.19106086728860294
A9_SVI,Low-Medium,C2_4,C2,0.08159392789373814,0.061138485748461535,0.10810522084876067
A9_SVI,Low,C2_4,C2,0.04364326375711575,0.029255133598894183,0.06463652824524162
A9_SVI,High,C2_5,C2,0.46956521739130436,0.40609578733922413,0.5340346257267147
A9_SVI,Medium-High,C2_5,C2,0.20434782608695654,0.1572948372956609,0.2611148896306003
A9_SVI,,C2_5,C2,0.16521739130434782,0.12280028125384804,0.21863426247147713
A9_SVI,Low-Medium,C2_5,C2,0.10434782608695652,0.07112843836206545,0.15056693149513706
A9_SVI,Low,C2_5,C2,0.05652173913043478,0.03332537829309885,0.09428921209629294
A9_SVI,High,C2_6,C2,0.6098265895953757,0.5574908920155683,0.6597502822758825
A9_SVI,Medium-High,C2_6,C2,0.15028901734104047,0.11648557571551726,0.19177279035644218
A9_SVI,,C2_6,C2,0.14450867052023122,0.11136138802688889,0.18546323202973103
A9_SVI,Low-Medium,C2_6,C2,0.06936416184971098,0.04705199932904973,0.10113392252815646
A9_SVI,Low,C2_6,C2,0.02601156069364162,0.01374378013283152,0.04868904660932835
A9_SVI,High,C2_9,C2,0.49261083743842365,0.42461459217953207,0.5608815555973174
A9_SVI,,C2_9,C2,0.24630541871921183,0.1921103855057392,0.309924021499428
A9_SVI,Medium-High,C2_9,C2,0.12807881773399016,0.08892327463213895,0.18104949680262078
A9_SVI,Low-Medium,C2_9,C2,0.07881773399014778,0.049094654612892585,0.12418576866753067
A9_SVI,Low,C2_9,C2,0.054187192118226604,0.030523050177652694,0.09441119902560235
A9_SVI,,C3_1,C3,0.4227005870841487,0.380602139193877,0.4659526069649417
A9_SVI,High,C3_1,C3,0.26810176125244617,0.23152865603493883,0.3081355824415169
A9_SVI,Medium-High,C3_1,C3,0.12915851272015655,0.10282365114084425,0.16102759941855108
A9_SVI,Low-Medium,C3_1,C3,0.12720156555772993,0.10106707096628709,0.15889948962244543
A9_SVI,Low,C3_1,C3,0.05283757338551859,0.03656396975851002,0.0757843719450353
A9_SVI,,C3_2,C3,0.8554913294797688,0.795374086684112,0.9001636148521782
A9_SVI,High,C3_2,C3,0.057803468208092484,0.03169701651696774,0.1031219401086226
A9_SVI,Low,C3_2,C3,0.03468208092485549,0.015990017623966596,0.07359071451145854
A9_SVI,Low-Medium,C3_2,C3,0.028901734104046242,0.012406768562089943,0.0658644074507939
A9_SVI,Medium-High,C3_2,C3,0.023121387283236993,0.009027193027358965,0.057934426862983585
A9_SVI,,C4_0,C4,0.9796954314720813,0.9648473359090868,0.9883475986751791
A9_SVI,Low,C4_0,C4,0.011844331641285956,0.005748915780679388,0.024244951494238838
A9_SVI,High,C4_0,C4,0.00338409475465313,0.0009285124892131598,0.012254156644889092
A9_SVI,Medium-High,C4_0,C4,0.00338409475465313,0.0009285124892131598,0.012254156644889092
A9_SVI,Low-Medium,C4_0,C4,0.001692047377326565,0.00029874269429985487,0.009521686811639205
A9_SVI,Low,C4_15,C4,0.3023255813953488,0.18601827946182872,0.4510564575240983
A9_SVI,,C4_15,C4,0.27906976744186046,0.16746451821827157,0.42691312900129397
A9_SVI,Low-Medium,C4_15,C4,0.23255813953488372,0.1315353846924483,0.37744808299439414
A9_SVI,High,C4_15,C4,0.09302325581395349,0.036771045103346514,0.2160298839853268
A9_SVI,Medium-High,C4_15,C4,0.09302325581395349,0.036771045103346514,0.2160298839853268
A13_URBAN,Rural,C1_0,C1,0.4812286689419795,0.455725279616574,0.506830247133213
A13_URBAN,Urban,C1_0,C1,0.3870307167235495,0.36241517309209165,0.41223717880208116
A13_URBAN,,C1_0,C1,0.13174061433447098,0.1153806636791206,0.1500268520121561
A13_URBAN,Rural,C1_1,C1,0.4414715719063545,0.40929327080352723,0.47414905690425174
A13_URBAN,Urban,C1_1,C1,0.43478260869565216,0.4026870713885639,0.4674343794858184
A13_URBAN,,C1_1,C1,0.12374581939799331,0.10378691103340379,0.14691376708803286
A13_URBAN,Urban,C1_2,C1,0.44428723027944816,0.42605828379540694,0.46266738704396454
A13_URBAN,Rural,C1_2,C1,0.4396887159533074,0.42148577129742937,0.45805535173820766
A13_URBAN,,C1_2,C1,0.11602405376724442,0.10473605830278611,0.12835420008539072
A13_URBAN,Rural,C1_3,C1,0.45942320590207913,0.4342637616439608,0.48479120712329865
A13_URBAN,Urban,C1_3,C1,0.4151576123407109,0.3903951592914474,0.44035613904009496
A13_URBAN,,C1_3,C1,0.12541918175720992,0.10956464128842382,0.14319899600933403
A13_URBAN,Urban,C2_0,C2,0.6533477321814255,0.6221182335827773,0.6833101318506472
A13_URBAN,,C2_0,C2,0.18898488120950324,0.16507304639825884,0.2154666068071903
A13_URBAN,Rural,C2_0,C2,0.15766738660907129,0.13561488331882596,0.18254855441078302
A13_URBAN,Urban,C2_1,C2,0.722052535125229,0.6998499570091509,0.743215357765901
A13_URBAN,,C2_1,C2,0.15149664019547954,0.13494532779167945,0.16967981091762674
A13_URBAN,Rural,C2_1,C2,0.1264508246792914,0.11122010275157884,0.14343068133385634
A13_URBAN,Urban,C2_10,C2,0.7471910112359551,0.6785818033937733,0.8053558654344818
A13_URBAN,,C2_10,C2,0.15168539325842698,0.10638855522742538,0.21169927506003358
A13_URBAN,Rural,C2_10,C2,0.10112359550561797,0.06492608854925705,0.15417449129605887
A13_URBAN,Urban,C2_2,C2,0.7417910447761195,0.7176900352582332,0.7645096525621173
A13_URBAN,,C2_2,C2,0.15597014925373134,0.13752959963057815,0.17637763467441736
A13_URBAN,Rural,C2_2,C2,0.10223880597014925,0.0871376806825889,0.11961406744010653
A13_URBAN,Urban,C2_3,C2,0.6863354037267081,0.6337111863574977,0.7345659151544025
A13_URBAN,,C2_3,C2,0.16770186335403728,0.13086493432718485,0.2123742346432597
A13_URBAN,Rural,C2_3,C2,0.14596273291925466,0.1115737144060038,0.18869979272138568
A13_URBAN,Urban,C2_4,C2,0.6413662239089184,0.5995311039379166,0.6811552627673302
A13_URBAN,Rural,C2_4,C2,0.20113851992409867,0.16913260194498547,0.237470045624459
A13_URBAN,,C2_4,C2,0.15749525616698293,0.12888692881479213,0.19106086728860294
A13_URBAN,Urban,C2_5,C2,0.7130434782608696,0.6514602765484011,0.7676268319900282
A13_URBAN,,C2_5,C2,0.16521739130434782,0.12280028125384804,0.21863426247147713
A13_URBAN,Rural,C2_5,C2,0.12173913043478261,0.08558466942916917,0.1703218929617827
A13_URBAN,Urban,C2_6,C2,0.7745664739884393,0.7276594061713746,0.8154435295572522
A13_URBAN,,C2_6,C2,0.14450867052023122,0.11136138802688889,0.18546323202973103
A13_URBAN,Rural,C2_6,C2,0.08092485549132948,0.05658024096683855,0.1144731729210467
A13_URBAN,Urban,C2_9,C2,0.6896551724137931,0.6229858615156008,0.7492796788785947
A13_URBAN,,C2_9,C2,0.24630541871921183,0.1921103855057392,0.309924021499428
A13_URBAN,Rural,C2_9,C2,0.06403940886699508,0.03780305461836859,0.10646966421575377
A13_URBAN,Urban,C3_1,C3,0.45596868884540115,0.41327317914452066,0.4993212965155659
A13_URBAN,,C3_1,C3,0.4227005870841487,0.380602139193877,0.4659526069649417
A13_URBAN,Rural,C3_1,C3,0.12133072407045009,0.09581063541901728,0.15250185525772678
A13_URBAN,,C3_2,C3,0.8554913294797688,0.795374086684112,0.9001636148521782
A13_URBAN,Urban,C3_2,C3,0.11560693641618497,0.0760952626781157,0.17181925517288768
A13_URBAN,Rural,C3_2,C3,0.028901734104046242,0.012406768562089943,0.0658644074507939
A13_URBAN,,C4_0,C4,0.9796954314720813,0.9648473359090868,0.9883475986751791
A13_URBAN,Urban,C4_0,C4,0.015228426395939087,0.00803192974018566,0.028686416791058964
A13_URBAN,Rural,C4_0,C4,0.005076142131979695,0.0017277853951239118,0.014817123367141534
A13_URBAN,Urban,C4_15,C4,0.5348837209302325,0.3891538972887278,0.6748917373608143
A13_URBAN,,C4_15,C4,0.27906976744186046,0.16746451821827157,0.42691312900129397
A13_URBAN,Rural,C4_15,C4,0.18604651162790697,0.0974163558010598,0.3261729323530596
A14_METRO,Metropolitan,C1_0,C1,0.5303754266211604,0.5047726257904728,0.5558193400144174
A14_METRO,Non-metropolitan,C1_0,C1,0.3378839590443686,0.31411515621480923,0.3625007566242605
A14_METRO,,C1_0,C1,0.13174061433447098,0.1153806636791206,0.1500268520121561
A14_METRO,Metropolitan,C1_1,C1,0.5418060200668896,0.5090901805161947,0.5741652996925346
A14_METRO,Non-metropolitan,C1_1,C1,0.33444816053511706,0.3043363803518028,0.36597191802162937
A14_METRO,,C1_1,C1,0.12374581939799331,0.10378691103340379,0.14691376708803286
A14_METRO,Metropolitan,C1_2,C1,0.568800848956491,0.5504633575521375,0.5869516076652735
A14_METRO,Non-metropolitan,C1_2,C1,0.3151750972762646,0.2983095847674081,0.3325422438901896
A14_METRO,,C1_2,C1,0.11602405376724442,0.10473605830278611,0.12835420008539072
A14_METRO,Metropolitan,C1_3,C1,0.5392354124748491,0.5138654278852433,0.564403734546415
A14_METRO,Non-metropolitan,C1_3,C1,0.335345405767941,0.3118315072759364,0.35970559739120705
A14_METRO,,C1_3,C1,0.12541918175720992,0.10956464128842382,0.14319899600933403
A14_METRO,Metropolitan,C2_0,C2,0.6220302375809935,0.5903556532632618,0.6526964966943224
A14_METRO,Non-metropolitan,C2_0,C2,0.18898488120950324,0.16507304639825884,0.2154666068071903
A14_METRO,,C2_0,C2,0.18898488120950324,0.16507304639825884,0.2154666068071903
A14_METRO,Metropolitan,C2_1,C2,0.7416004886988393,0.7198459454631958,0.7622237436524384
A14_METRO,,C2_1,C2,0.15149664019547954,0.13494532779167945,0.16967981091762674
A14_METRO,Non-metropolitan,C2_1,C2,0.10690287110568113,0.09284402447567253,0.12280238526918033
A14_METRO,Metropolitan,C2_10,C2,0.6853932584269663,0.613869359422294,0.7490838921988973
A14_METRO,Non-metropolitan,C2_10,C2,0.16292134831460675,0.11589600456006303,0.2241889924923166
A14_METRO,,C2_10,C2,0.15168539325842698,0.10638855522742538,0.21169927506003358
A14_METRO,Metropolitan,C2_2,C2,0.7656716417910447,0.7422521798199552,0.7875721685258618
A14_METRO,,C2_2,C2,0.15597014925373134,0.13752959963057815,0.17637763467441736
A14_METRO,Non-metropolitan,C2_2,C2,0.07835820895522388,0.06514477644772272,0.09398231114950602
A14_METRO,Metropolitan,C2_3,C2,0.6521739130434783,0.5986338167394526,0.7021258161619327
A14_METRO,Non-metropolitan,C2_3,C2,0.18012422360248448,0.1419988203240924,0.22579215541381215
A14_METRO,,C2_3,C2,0.16770186335403728,0.13086493432718485,0.2123742346432597
A14_METRO,Metropolitan,C2_4,C2,0.5825426944971537,0.5399899809271053,0.6239007164108578
A14_METRO,Non-metropolitan,C2_4,C2,0.25996204933586337,0.22434613949513565,0.2990521774415927
A14_METRO,,C2_4,C2,0.15749525616698293,0.12888692881479213,0.19106086728860294
A14_METRO,Metropolitan,C2_5,C2,0.6956521739130435,0.6333742930530483,0.7515016229516319
A14_METRO,,C2_5,C2,0.16521739130434782,0.12280028125384804,0.21863426247147713
A14_METRO,Non-metropolitan,C2_5,C2,0.1391304347826087,0.1003061617455484,0.18981159317915275
A14_METRO,Metropolitan,C2_6,C2,0.7196531791907514,0.6701109754634996,0.7643713731194018
A14_METRO,,C2_6,C2,0.14450867052023122,0.11136138802688889,0.18546323202973103
A14_METRO,Non-metropolitan,C2_6,C2,0.13583815028901733,0.10371215413984694,0.17596184689376368
A14_METRO,Metropolitan,C2_9,C2,0.6699507389162561,0.6026328586287375,0.7309557425037232
A14_METRO,,C2_9,C2,0.24630541871921183,0.1921103855057392,0.309924021499428
A14_METRO,Non-metropolitan,C2_9,C2,0.08374384236453201,0.052940897222736816,0.13000876087312008
A14_METRO,Metropolitan,C3_1,C3,0.4931506849315068,0.45001521264842986,0.5363883724542504
A14_METRO,,C3_1,C3,0.4227005870841487,0.380602139193877,0.4659526069649417
A14_METRO,Non-metropolitan,C3_1,C3,0.08414872798434442,0.06307141884080572,0.11143196239334474
A14_METRO,,C3_2,C3,0.8554913294797688,0.795374086684112,0.9001636148521782
A14_METRO,Metropolitan,C3_2,C3,0.12716763005780346,0.08549928232801371,0.1850343477680723
A14_METRO,Non-metropolitan,C3_2,C3,0.017341040462427744,0.0059146456907766265,0.04973741807702461
A14_METRO,,C4_0,C4,0.9796954314720813,0.9648473359090868,0.9883475986751791
A14_METRO,Metropolitan,C4_0,C4,0.018612521150592216,0.010424018546268734,0.03301880724130228
A14_METRO,Non-metropolitan,C4_0,C4,0.001692047377326565,0.00029874269429985487,0.009521686811639205
A14_METRO,Metropolitan,C4_15,C4,0.6046511627906976,0.4557879659331908,0.7363489380154359
A14_METRO,,C4_15,C4,0.27906976744186046,0.16746451821827157,0.42691312900129397
A14_METRO,Non-metropolitan,C4_15,C4,0.11627906976744186,0.050703529948620846,0.24479448890641395
A1_PPOV,mean,C1_0,C1,13.04252358490566,12.54545518247913,13.539591987332193
A1_PPOV,mean,C1_1,C1,13.76005089058524,13.091851801104568,14.428249980065914
A1_PPOV,mean,C1_2,C1,13.321100440176068,12.947927260350395,13.69427362000174
A1_PPOV,mean,C1_3,C1,13.863642638036811,13.362383674500299,14.364901601573324
A1_PPOV,mean,C2_0,C2,25.849653794940075,24.796063474095753,26.903244115784396
A1_PPOV,mean,C2_1,C2,24.70331651045422,23.948634224918372,25.457998795990065
A1_PPOV,mean,C2_10,C2,25.76813333333333,23.514296046188658,28.021970620478005
A1_PPOV,mean,C2_2,C2,25.949654867256637,25.09324128396724,26.806068450546032
A1_PPOV,mean,C2_3,C2,27.11835820895522,25.35462818632244,28.882088231588003
A1_PPOV,mean,C2_4,C2,24.91768018018018,23.654099871757154,26.181260488603208
A1_PPOV,mean,C2_5,C2,24.059531250000003,22.069148676087984,26.04991382391202
A1_PPOV,mean,C2_6,C2,27.487871621621622,25.843077301318406,29.132665941924838
A1_PPOV,mean,C2_9,C2,27.112352941176468,24.61754176470207,29.607164117650864
A1_PPOV,mean,C3_1,C3,18.662338983050844,17.238722898505802,20.085955067595886
A1_PPOV,mean,C3_2,C3,14.4596,9.90730903516453,19.01189096483547
A1_PPOV,mean,C4_0,C4,6.926666666666667,3.2243072586320247,10.629026074701308
A1_PPOV,mean,C4_15,C4,8.39741935483871,5.50143763597831,11.293401073699112
A17_UNEMPLOY,mean,C1_0,C1,5.360659694288013,5.159194966541906,5.5621244220341195
A17_UNEMPLOY,mean,C1_1,C1,5.660892388451444,5.371215764903143,5.950569011999745
A17_UNEMPLOY,mean,C1_2,C1,5.463452822414503,5.309176527189896,5.61772911763911
A17_UNEMPLOY,mean,C1_3,C1,5.569066455696202,5.359966113558571,5.7781667978338325
A17_UNEMPLOY,mean,C2_0,C2,10.591034482758621,10.046831731972194,11.135237233545048
A17_UNEMPLOY,mean,C2_1,C2,10.437336244541486,10.057928040114616,10.816744448968356
A17_UNEMPLOY,mean,C2_10,C2,11.534666666666666,10.361939368233234,12.707393965100099
A17_UNEMPLOY,mean,C2_2,C2,10.89830659536542,10.457523548194397,11.339089642536445
A17_UNEMPLOY,mean,C2_3,C2,10.559923664122136,9.680860595322175,11.438986732922098
A17_UNEMPLOY,mean,C2_4,C2,9.935990888382687,9.302407060795382,10.569574715969992
A17_UNEMPLOY,mean,C2_5,C2,10.274074074074074,9.269022013620173,11.279126134527974
A17_UNEMPLOY,mean,C2_6,C2,11.68527397260274,10.787937010908275,12.582610934297206
A17_UNEMPLOY,mean,C2_9,C2,10.797385620915033,9.611579940484782,11.983191301345284
A17_UNEMPLOY,mean,C3_1,C3,6.581506849315069,6.062641506599379,7.100372192030759
A17_UNEMPLOY,mean,C3_2,C3,5.312,3.8137290263774046,6.810270973622596
A17_UNEMPLOY,mean,C4_0,C4,4.554545454545455,2.8521303067224597,6.25696060236845
A17_UNEMPLOY,mean,C4_15,C4,5.083333333333333,3.593096637381416,6.57357002928525
A27_PM25,mean,C1_0,C1,49.757075471698116,48.64367611834717,50.87047482504906
A27_PM25,mean,C1_1,C1,50.56488549618321,49.01054727408294,52.11922371828348
A27_PM25,mean,C1_2,C1,50.9139655862345,50.11591690848917,51.712014263979825
A27_PM25,mean,C1_3,C1,51.16104294478528,50.0168812135585,52.30520467601206
A27_PM25,mean,C2_0,C2,81.96271637816245,80.73597652875051,83.1894562275744
A27_PM25,mean,C2_1,C2,78.65730741540676,77.50445059915764,79.81016423165589
A27_PM25,mean,C2_10,C2,81.7748344370861,78.892399694425,84.6572691797472
A27_PM25,mean,C2_2,C2,84.19274977895668,83.22302906568018,85.16247049223318
A27_PM25,mean,C2_3,C2,83.56343283582089,81.5853026576253,85.54156301401648
A27_PM25,mean,C2_4,C2,79.13513513513513,77.58996499398094,80.68030527628932
A27_PM25,mean,C2_5,C2,80.89583333333333,78.27123531776789,83.52043134889877
A27_PM25,mean,C2_6,C2,85.55405405405405,83.89307324970304,87.21503485840506
A27_PM25,mean,C2_9,C2,84.6470588235294,82.29673443068195,86.99738321637686
A27_PM25,mean,C3_1,C3,72.52203389830508,70.14016325099385,74.90390454561631
A27_PM25,mean,C3_2,C3,66.12,57.02529023516052,75.21470976483948
A27_PM25,mean,C4_0,C4,57.25,45.33236333678679,69.16763666321322
A27_PM25,mean,C4_15,C4,54.38709677419355,46.59801271493879,62.17618083344831
A10_CRD_OBESITY,mean,C1_0,C1,39.02397798742138,38.77356009911408,39.274395875728686
A10_CRD_OBESITY,mean,C1_1,C1,39.036259541984734,38.696964552620365,39.3755545313491
A10_CRD_OBESITY,mean,C1_2,C1,38.91232492997199,38.73071957299985,39.09393028694412
A10_CRD_OBESITY,mean,C1_3,C1,39.258512269938656,39.010745998354366,39.506278541522946
A10_CRD_OBESITY,mean,C2_0,C2,47.013315579227694,46.55776838674566,47.46886277170973
A10_CRD_OBESITY,mean,C2_1,C2,46.74726224783861,46.42350602443741,47.07101847123982
A10_CRD_OBESITY,mean,C2_10,C2,47.16622516556291,46.212816373460456,48.11963395766537
A10_CRD_OBESITY,mean,C2_2,C2,47.41273209549072,47.05306452784975,47.77239966313169
A10_CRD_OBESITY,mean,C2_3,C2,47.17388059701493,46.46486347441282,47.882897719617034
A10_CRD_OBESITY,mean,C2_4,C2,45.45968468468468,44.89713682194038,46.022232547428985
A10_CRD_OBESITY,mean,C2_5,C2,46.39427083333334,45.52502014252631,47.263521524140366
A10_CRD_OBESITY,mean,C2_6,C2,47.8929054054054,47.22343198288567,48.56237882792513
A10_CRD_OBESITY,mean,C2_9,C2,47.452287581699345,46.47497964652917,48.42959551686952
A10_CRD_OBESITY,mean,C3_1,C3,42.740338983050854,42.07366845085484,43.40700951524687
A10_CRD_OBESITY,mean,C3_2,C3,39.432,36.699112367525274,42.16488763247473
A10_CRD_OBESITY,mean,C4_0,C4,33.96666666666666,31.07947357309014,36.85385976024318
A10_CRD_OBESITY,mean,C4_15,C4,36.34516129032258,34.74790672380535,37.94241585683981
A12_CRD_CSMOKING,mean,C1_0,C1,18.634591194968554,18.365037519182884,18.904144870754223
A12_CRD_CSMOKING,mean,C1_1,C1,18.63562340966921,18.28603458838487,18.985212230953554
A12_CRD_CSMOKING,mean,C1_2,C1,18.46922769107643,18.27157939401751,18.66687598813535
A12_CRD_CSMOKING,mean,C1_3,C1,18.68650306748466,18.418314476607836,18.954691658361487
A12_CRD_CSMOKING,mean,C2_0,C2,22.970039946737682,22.528504191641268,23.411575701834096
A12_CRD_CSMOKING,mean,C2_1,C2,23.424855907780984,23.10875228165281,23.74095953390916
A12_CRD_CSMOKING,mean,C2_10,C2,23.537086092715235,22.589767024098585,24.484405161331885
A12_CRD_CSMOKING,mean,C2_2,C2,23.565605658709107,23.206466015147996,23.924745302270217
A12_CRD_CSMOKING,mean,C2_3,C2,23.497014925373133,22.841272152406454,24.152757698339812
A12_CRD_CSMOKING,mean,C2_4,C2,23.212612612612617,22.66949355237473,23.755731672850505
A12_CRD_CSMOKING,mean,C2_5,C2,22.728125000000002,21.842277615085575,23.61397238491443
A12_CRD_CSMOKING,mean,C2_6,C2,24.07871621621622,23.389452740213482,24.767979692218955
A12_CRD_CSMOKING,mean,C2_9,C2,23.887581699346406,22.875895343626514,24.899268055066297
A12_CRD_CSMOKING,mean,C3_1,C3,20.652203389830508,20.001217004093142,21.303189775567873
A12_CRD_CSMOKING,mean,C3_2,C3,17.6,15.334977097981863,19.86502290201814
A12_CRD_CSMOKING,mean,C4_0,C4,13.541666666666666,11.135057058092645,15.948276275240687
A12_CRD_CSMOKING,mean,C4_15,C4,15.832258064516127,14.050077455835767,17.614438673196485
